{
    "R2_test": 0.8914532209733425,
    "mae": 87240.8697682627,
    "mae%": 19.09442516318266,
    "rmse": 144591.01952485563,
    "R2_total": 0.8947340847427588
}